rule,asset,model,total_return,annualized_sharpe,max_drawdown,n_trades,win_rate,final_equity,n_days,span_start,span_end,arch
stateful,btc,xgboost,15.645834649503673,0.9282939639043714,-0.7509319531518506,321,0.5482866043613707,16.645834649503673,2400,2019-01-26,2025-09-05,flat
defensive,btc,xgboost,8.995805073194807,0.8325815280027445,-0.7061248806417525,445,0.5438202247191011,9.995805073194807,2400,2019-01-26,2025-09-05,flat
prob_weighted,btc,xgboost,2.4049121718891016,0.7149087709014735,-0.3999596062754551,416,0.5528846153846154,3.4049121718891016,2400,2019-01-26,2025-09-05,flat
stateful,btc,lightgbm,14.693860735477365,0.9131491684538154,-0.7154397678677726,314,0.5477707006369427,15.693860735477365,2400,2019-01-26,2025-09-05,flat
defensive,btc,lightgbm,8.132815703078123,0.8099167506797823,-0.6946254011103801,429,0.5407925407925408,9.132815703078123,2400,2019-01-26,2025-09-05,flat
prob_weighted,btc,lightgbm,1.727025275435401,0.7789412641036266,-0.27353794249111096,384,0.5364583333333334,2.727025275435401,2400,2019-01-26,2025-09-05,flat
stateful,btc,random_forest,15.820088119878367,0.9201558712830243,-0.7150834886872707,272,0.5257352941176471,16.820088119878367,2400,2019-01-26,2025-09-05,flat
defensive,btc,random_forest,9.005948542827978,0.8223448411390294,-0.7550824066230293,355,0.5380281690140845,10.005948542827978,2400,2019-01-26,2025-09-05,flat
prob_weighted,btc,random_forest,0.826135910881507,0.7078625053338722,-0.17632821892531214,329,0.48632218844984804,1.826135910881507,2400,2019-01-26,2025-09-05,flat
stateful,btc,mlp,10.207180591748292,0.7846901583297464,-0.6198639649208446,238,0.5084033613445378,11.207180591748292,2400,2019-01-26,2025-09-05,flat
defensive,btc,mlp,9.631650143505626,0.7773063974532187,-0.620771354269338,261,0.5172413793103449,10.631650143505626,2400,2019-01-26,2025-09-05,flat
prob_weighted,btc,mlp,2.1228075425131263,0.6823974972176278,-0.35522371626055727,251,0.4940239043824701,3.1228075425131263,2400,2019-01-26,2025-09-05,flat
stateful,btc,xgboost,11.790952314630358,0.8800430925016512,-0.4070069734400483,202,0.5544554455445545,12.790952314630358,2400,2019-01-26,2025-09-05,2stage_trend
defensive,btc,xgboost,4.780154880427818,0.693174814390997,-0.3556886904006692,284,0.528169014084507,5.780154880427818,2400,2019-01-26,2025-09-05,2stage_trend
prob_weighted,btc,xgboost,1.941317208006311,0.8402812216233415,-0.22372878361185122,246,0.5528455284552846,2.941317208006311,2400,2019-01-26,2025-09-05,2stage_trend
stateful,btc,lightgbm,11.676369951505956,0.8729059791141001,-0.537558743378561,231,0.5627705627705628,12.676369951505956,2400,2019-01-26,2025-09-05,2stage_trend
defensive,btc,lightgbm,8.501691069478275,0.8332045081084429,-0.46417695998974495,325,0.5723076923076923,9.501691069478275,2400,2019-01-26,2025-09-05,2stage_trend
prob_weighted,btc,lightgbm,5.3901614221184735,1.0755753339226741,-0.27840266527870694,297,0.5791245791245792,6.3901614221184735,2400,2019-01-26,2025-09-05,2stage_trend
stateful,btc,random_forest,19.721276578601024,1.0119261463788276,-0.44622092395462276,173,0.5202312138728323,20.721276578601024,2400,2019-01-26,2025-09-05,2stage_trend
defensive,btc,random_forest,13.990687896583854,0.9866770341055431,-0.35128524550102247,241,0.5269709543568465,14.990687896583854,2400,2019-01-26,2025-09-05,2stage_trend
prob_weighted,btc,random_forest,0.865628776625921,0.8308066613032602,-0.11624406340269333,210,0.5285714285714286,1.865628776625921,2400,2019-01-26,2025-09-05,2stage_trend
stateful,btc,mlp,13.75734476903507,0.8712728451124142,-0.5095553876139057,167,0.48502994011976047,14.75734476903507,2400,2019-01-26,2025-09-05,2stage_trend
defensive,btc,mlp,9.214994410609263,0.8106625309887955,-0.530630830165215,213,0.5070422535211268,10.214994410609263,2400,2019-01-26,2025-09-05,2stage_trend
prob_weighted,btc,mlp,2.2094927970865688,0.6967527571974894,-0.31721109354379395,194,0.5412371134020618,3.2094927970865688,2400,2019-01-26,2025-09-05,2stage_trend
stateful,btc,xgboost,13.514117213514924,0.9326863258057508,-0.6709287396225089,251,0.5617529880478087,14.514117213514924,2400,2019-01-26,2025-09-05,2stage_macro
defensive,btc,xgboost,4.835822426642214,0.7029406459062033,-0.6766778145308736,365,0.5260273972602739,5.835822426642214,2400,2019-01-26,2025-09-05,2stage_macro
prob_weighted,btc,xgboost,3.5591858028930234,0.8757757194694575,-0.39095080947817007,312,0.5608974358974359,4.559185802893023,2400,2019-01-26,2025-09-05,2stage_macro
stateful,btc,lightgbm,15.04841051369613,0.9515837880727663,-0.5511614725629037,217,0.5806451612903226,16.04841051369613,2400,2019-01-26,2025-09-05,2stage_macro
defensive,btc,lightgbm,5.976215376024319,0.7577849142979514,-0.5254844944068,324,0.5401234567901234,6.976215376024319,2400,2019-01-26,2025-09-05,2stage_macro
prob_weighted,btc,lightgbm,2.2428486099897786,0.8328306250702266,-0.22500124683781153,288,0.5798611111111112,3.2428486099897786,2400,2019-01-26,2025-09-05,2stage_macro
stateful,btc,random_forest,16.058619909320896,0.9773402632769287,-0.5314385626799722,185,0.5621621621621622,17.058619909320896,2400,2019-01-26,2025-09-05,2stage_macro
defensive,btc,random_forest,11.585642302295414,0.9429476581394254,-0.4207629767690503,253,0.5573122529644269,12.585642302295414,2400,2019-01-26,2025-09-05,2stage_macro
prob_weighted,btc,random_forest,0.6373133638145168,0.831250832687765,-0.1029158190861652,242,0.5495867768595041,1.6373133638145168,2400,2019-01-26,2025-09-05,2stage_macro
stateful,btc,mlp,6.06496141997722,0.7072191028387754,-0.7143829887560005,242,0.512396694214876,7.06496141997722,2400,2019-01-26,2025-09-05,2stage_macro
defensive,btc,mlp,6.350421293044959,0.7356254031390863,-0.6671947791203793,297,0.5218855218855218,7.350421293044959,2400,2019-01-26,2025-09-05,2stage_macro
prob_weighted,btc,mlp,4.7640221576872515,0.7587423197132818,-0.5199972232236958,279,0.5483870967741935,5.7640221576872515,2400,2019-01-26,2025-09-05,2stage_macro
stateful,btc,xgboost,29.013821360472036,1.1470791622327978,-0.4599444471123002,179,0.5921787709497207,30.013821360472036,2400,2019-01-26,2025-09-05,3stage_full
defensive,btc,xgboost,13.09211763213003,0.9848283631728987,-0.3560776617217354,248,0.5967741935483871,14.09211763213003,2400,2019-01-26,2025-09-05,3stage_full
prob_weighted,btc,xgboost,2.1329378688800262,0.8226775617595915,-0.2547651726136795,219,0.5844748858447488,3.1329378688800262,2400,2019-01-26,2025-09-05,3stage_full
stateful,btc,lightgbm,25.18939631156961,1.0927716653310473,-0.4307741045812655,207,0.5893719806763285,26.18939631156961,2400,2019-01-26,2025-09-05,3stage_full
defensive,btc,lightgbm,13.239640089321458,0.9611142002638946,-0.44374508737478746,271,0.6014760147601476,14.239640089321458,2400,2019-01-26,2025-09-05,3stage_full
prob_weighted,btc,lightgbm,3.7625779363930114,0.8508158092275935,-0.3135671346847122,244,0.6147540983606558,4.762577936393011,2400,2019-01-26,2025-09-05,3stage_full
stateful,btc,random_forest,21.862729988687313,1.0679913216469574,-0.5183157559847753,176,0.5681818181818182,22.862729988687313,2400,2019-01-26,2025-09-05,3stage_full
defensive,btc,random_forest,9.375253521422916,0.8829669764819967,-0.43115265804699765,222,0.5225225225225225,10.375253521422916,2400,2019-01-26,2025-09-05,3stage_full
prob_weighted,btc,random_forest,0.9056613097950577,0.8245530099125318,-0.12516834857469017,202,0.5693069306930693,1.9056613097950577,2400,2019-01-26,2025-09-05,3stage_full
stateful,btc,mlp,11.912636034520839,0.8958060287954286,-0.5506091668668001,195,0.5538461538461539,12.912636034520839,2400,2019-01-26,2025-09-05,3stage_full
defensive,btc,mlp,10.8423467315583,0.8996176296881436,-0.49413518466646644,236,0.5550847457627118,11.8423467315583,2400,2019-01-26,2025-09-05,3stage_full
prob_weighted,btc,mlp,5.091246679111109,0.8066312952769688,-0.49280291563292633,226,0.5796460176991151,6.091246679111109,2400,2019-01-26,2025-09-05,3stage_full
buy_and_hold,btc,benchmark,29.71539186474515,0.9513212296677952,-0.7663456370856906,1,1.0,30.71539186474515,2400,2019-01-26,2025-09-05,buy_and_hold
stateful,eth,xgboost,-0.2769109493420392,0.042015766870487435,-0.6648249520496545,140,0.5142857142857142,0.7230890506579608,1200,2022-03-16,2025-07-06,flat
defensive,eth,xgboost,-0.06264099921769184,0.14997490800605562,-0.5494400825978365,206,0.5242718446601942,0.9373590007823082,1200,2022-03-16,2025-07-06,flat
prob_weighted,eth,xgboost,0.21449480857928327,0.4181866868833661,-0.2053042855704853,215,0.5116279069767442,1.2144948085792833,1200,2022-03-16,2025-07-06,flat
stateful,eth,lightgbm,0.20927069010268506,0.30338482309032433,-0.5723578446050718,131,0.5343511450381679,1.209270690102685,1200,2022-03-16,2025-07-06,flat
defensive,eth,lightgbm,-0.05622297755954031,0.15456357108568325,-0.5623804308714697,189,0.5396825396825397,0.9437770224404597,1200,2022-03-16,2025-07-06,flat
prob_weighted,eth,lightgbm,0.2572675224320111,0.5223962929197133,-0.18197822689744836,192,0.5520833333333334,1.2572675224320111,1200,2022-03-16,2025-07-06,flat
stateful,eth,random_forest,0.33692720947825316,0.3569187133368517,-0.5694419431988031,104,0.49038461538461536,1.3369272094782532,1200,2022-03-16,2025-07-06,flat
defensive,eth,random_forest,-0.12944215714351748,0.11546205884263576,-0.5826972588817377,137,0.5109489051094891,0.8705578428564825,1200,2022-03-16,2025-07-06,flat
prob_weighted,eth,random_forest,0.09234193821734182,0.2826436722561486,-0.15309152248830782,139,0.49640287769784175,1.0923419382173418,1200,2022-03-16,2025-07-06,flat
stateful,eth,mlp,0.6595775765331378,0.4615423941953488,-0.5253167863342862,84,0.44047619047619047,1.6595775765331378,1200,2022-03-16,2025-07-06,flat
defensive,eth,mlp,0.6595775765331378,0.4615423941953488,-0.5253167863342862,84,0.44047619047619047,1.6595775765331378,1200,2022-03-16,2025-07-06,flat
prob_weighted,eth,mlp,0.27019015562776416,0.42054724131581894,-0.1975966291535095,84,0.4523809523809524,1.2701901556277642,1200,2022-03-16,2025-07-06,flat
stateful,eth,xgboost,0.04919707787868366,0.24048700139250584,-0.6025705922161992,94,0.574468085106383,1.0491970778786837,1200,2022-03-16,2025-07-06,2stage_trend
defensive,eth,xgboost,0.43247914251374375,0.38720485052141634,-0.548877670497288,135,0.5777777777777777,1.4324791425137438,1200,2022-03-16,2025-07-06,2stage_trend
prob_weighted,eth,xgboost,0.16199081643891677,0.37450507139667694,-0.20631385046173445,125,0.616,1.1619908164389168,1200,2022-03-16,2025-07-06,2stage_trend
stateful,eth,lightgbm,-0.26002220286116806,0.08188838251513196,-0.7022911947673214,109,0.47706422018348627,0.7399777971388319,1200,2022-03-16,2025-07-06,2stage_trend
defensive,eth,lightgbm,0.011657711257545333,0.21027172823081863,-0.6261513856378369,155,0.47096774193548385,1.0116577112575453,1200,2022-03-16,2025-07-06,2stage_trend
prob_weighted,eth,lightgbm,0.15610300710628944,0.28740598140173196,-0.2251328831432884,133,0.48120300751879697,1.1561030071062894,1200,2022-03-16,2025-07-06,2stage_trend
stateful,eth,random_forest,-0.3139095226164448,0.051330077697495605,-0.7554341768865336,101,0.504950495049505,0.6860904773835552,1200,2022-03-16,2025-07-06,2stage_trend
defensive,eth,random_forest,-0.24598386832669272,0.06363908435829067,-0.6977540203972861,137,0.4744525547445255,0.7540161316733073,1200,2022-03-16,2025-07-06,2stage_trend
prob_weighted,eth,random_forest,0.08247421568168156,0.25316104852547416,-0.16260596535120364,121,0.512396694214876,1.0824742156816816,1200,2022-03-16,2025-07-06,2stage_trend
stateful,eth,mlp,0.21272723202800625,0.30974493329358316,-0.5494660720471022,134,0.5298507462686567,1.2127272320280063,1200,2022-03-16,2025-07-06,2stage_trend
defensive,eth,mlp,0.00911675968316672,0.2125660545253494,-0.5364428963547136,165,0.5515151515151515,1.0091167596831667,1200,2022-03-16,2025-07-06,2stage_trend
prob_weighted,eth,mlp,0.2864846678011206,0.3235209785790566,-0.4573424330908237,158,0.5506329113924051,1.2864846678011206,1200,2022-03-16,2025-07-06,2stage_trend
stateful,eth,xgboost,-0.1669735594535533,0.12587929012525087,-0.5876959636407519,129,0.5348837209302325,0.8330264405464467,1200,2022-03-16,2025-07-06,2stage_macro
defensive,eth,xgboost,-0.0700539852405323,0.16509406740858543,-0.6080567935454152,181,0.5524861878453039,0.9299460147594677,1200,2022-03-16,2025-07-06,2stage_macro
prob_weighted,eth,xgboost,0.04108046429047829,0.14006954001082086,-0.3139235304912076,163,0.558282208588957,1.0410804642904783,1200,2022-03-16,2025-07-06,2stage_macro
stateful,eth,lightgbm,-0.28355922551641355,0.05931738934494243,-0.6593192713127953,123,0.5447154471544715,0.7164407744835865,1200,2022-03-16,2025-07-06,2stage_macro
defensive,eth,lightgbm,-0.28764506654519395,0.026526205773022143,-0.6822085744508075,174,0.5402298850574713,0.712354933454806,1200,2022-03-16,2025-07-06,2stage_macro
prob_weighted,eth,lightgbm,0.14600922420425833,0.30888770291109446,-0.16513860495000965,164,0.5853658536585366,1.1460092242042583,1200,2022-03-16,2025-07-06,2stage_macro
stateful,eth,random_forest,0.4933236198422526,0.41057507565430945,-0.597489390975507,102,0.6078431372549019,1.4933236198422526,1200,2022-03-16,2025-07-06,2stage_macro
defensive,eth,random_forest,0.1399574446330336,0.2649867309128332,-0.6152084471374428,139,0.5827338129496403,1.1399574446330336,1200,2022-03-16,2025-07-06,2stage_macro
prob_weighted,eth,random_forest,-0.03431142510934593,-0.03812608687948834,-0.17742415918943388,119,0.6722689075630253,0.9656885748906541,1200,2022-03-16,2025-07-06,2stage_macro
stateful,eth,mlp,0.6929379136841083,0.47240813509529567,-0.5051159728418166,106,0.5471698113207547,1.6929379136841083,1200,2022-03-16,2025-07-06,2stage_macro
defensive,eth,mlp,0.11683581914351948,0.25509329862260105,-0.6176471219228135,127,0.5354330708661418,1.1168358191435195,1200,2022-03-16,2025-07-06,2stage_macro
prob_weighted,eth,mlp,0.34112038824840174,0.3620323251424024,-0.3713999718349632,111,0.5675675675675675,1.3411203882484017,1200,2022-03-16,2025-07-06,2stage_macro
stateful,eth,xgboost,-0.3705672433592446,-0.022485002614198682,-0.6114258969947206,80,0.5375,0.6294327566407554,1200,2022-03-16,2025-07-06,3stage_full
defensive,eth,xgboost,-0.1815062664190722,0.07099687685533228,-0.6041060079926664,121,0.5867768595041323,0.8184937335809278,1200,2022-03-16,2025-07-06,3stage_full
prob_weighted,eth,xgboost,0.06294874367992054,0.1660513190772544,-0.24492773669122347,111,0.6306306306306306,1.0629487436799205,1200,2022-03-16,2025-07-06,3stage_full
stateful,eth,lightgbm,-0.4781151950083977,-0.08712539652090849,-0.6982090700510153,103,0.5048543689320388,0.5218848049916023,1200,2022-03-16,2025-07-06,3stage_full
defensive,eth,lightgbm,-0.2875680232943246,0.027409896402639997,-0.6433765328979018,165,0.49696969696969695,0.7124319767056754,1200,2022-03-16,2025-07-06,3stage_full
prob_weighted,eth,lightgbm,0.19149471505976923,0.3357577858348306,-0.1804997393203326,132,0.5454545454545454,1.1914947150597692,1200,2022-03-16,2025-07-06,3stage_full
stateful,eth,random_forest,-0.11795032559842644,0.15578823258793437,-0.6335817443497497,77,0.5454545454545454,0.8820496744015736,1200,2022-03-16,2025-07-06,3stage_full
defensive,eth,random_forest,-0.1717766422976379,0.09769286524525438,-0.6432864979604549,112,0.5178571428571429,0.8282233577023621,1200,2022-03-16,2025-07-06,3stage_full
prob_weighted,eth,random_forest,0.03947487322634302,0.15212968703207072,-0.1424124100290547,102,0.5686274509803921,1.039474873226343,1200,2022-03-16,2025-07-06,3stage_full
stateful,eth,mlp,-0.16336925791017898,0.14551903677734843,-0.6235027643655771,101,0.48514851485148514,0.836630742089821,1200,2022-03-16,2025-07-06,3stage_full
defensive,eth,mlp,0.24840033947987084,0.3180933428485127,-0.43987648302987314,134,0.4925373134328358,1.2484003394798708,1200,2022-03-16,2025-07-06,3stage_full
prob_weighted,eth,mlp,0.21571013711732,0.2896110139831,-0.4215025575871846,125,0.456,1.21571013711732,1200,2022-03-16,2025-07-06,3stage_full
buy_and_hold,eth,benchmark,-0.07244410507348065,0.2597601608766614,-0.717943870782727,1,0.0,0.9275558949265194,1200,2022-03-16,2025-07-06,buy_and_hold
